[
  {
    "id": "5bce4af5-188d-4b27-939d-1a9b58fa97e0",
    "data": [
      {
        "text": "Мне нужен ",
        "userDefined": false
      },
      {
        "text": "@color:color-2",
        "meta": "@Color",
        "alias": "Color",
        "userDefined": true
      }
    ],
    "isTemplate": false,
    "count": 0,
    "lang": "ru",
    "updated": 0
  },
  {
    "id": "c15e51f3-6300-49ea-92da-2092c964b8b0",
    "data": [
      {
        "text": "Я хочу ",
        "userDefined": false
      },
      {
        "text": "@color:color-2",
        "meta": "@Color",
        "alias": "Color",
        "userDefined": true
      }
    ],
    "isTemplate": false,
    "count": 0,
    "lang": "ru",
    "updated": 0
  },
  {
    "id": "8c6aff82-24f8-4dfc-9f62-3ae6fe693340",
    "data": [
      {
        "text": "Мне нужны ",
        "userDefined": false
      },
      {
        "text": "@color:color-2",
        "meta": "@Color",
        "alias": "Color",
        "userDefined": true
      },
      {
        "text": " карандаши",
        "userDefined": false
      }
    ],
    "isTemplate": false,
    "count": 0,
    "lang": "ru",
    "updated": 0
  },
  {
    "id": "24a8a67b-c356-4e15-aeb1-8d6d89241c5e",
    "data": [
      {
        "text": "Я хочу ",
        "userDefined": false
      },
      {
        "text": "@color:color-2",
        "meta": "@Color",
        "alias": "Color",
        "userDefined": true
      },
      {
        "text": " карандаши",
        "userDefined": false
      }
    ],
    "isTemplate": false,
    "count": 0,
    "lang": "ru",
    "updated": 0
  },
  {
    "id": "6113e5bf-ac37-4c2e-bba7-e90247a7d973",
    "data": [
      {
        "text": "Я хочу ",
        "userDefined": false
      },
      {
        "text": "@color:color-2",
        "meta": "@Color",
        "alias": "Color",
        "userDefined": true
      },
      {
        "text": " карандаш",
        "userDefined": false
      }
    ],
    "isTemplate": false,
    "count": 0,
    "lang": "ru",
    "updated": 0
  },
  {
    "id": "d2766f1a-3067-489e-abef-81cc65bcf979",
    "data": [
      {
        "text": "@color:color-2",
        "meta": "@Color",
        "alias": "Color",
        "userDefined": true
      },
      {
        "text": " карандаш",
        "userDefined": false
      }
    ],
    "isTemplate": false,
    "count": 0,
    "lang": "ru",
    "updated": 0
  },
  {
    "id": "383474aa-8f36-4721-b6cf-41621652c516",
    "data": [
      {
        "text": "@color:color-2",
        "meta": "@Color",
        "alias": "Color",
        "userDefined": true
      }
    ],
    "isTemplate": false,
    "count": 0,
    "lang": "ru",
    "updated": 0
  }
]