[
  {
    "id": "33164430-5f14-4a4a-9440-768328825ff4",
    "data": [
      {
        "text": "моя почта ",
        "userDefined": false
      },
      {
        "text": "google@mail.ru",
        "meta": "@sys.email",
        "alias": "email",
        "userDefined": true
      }
    ],
    "isTemplate": false,
    "count": 0,
    "lang": "ru",
    "updated": 0
  },
  {
    "id": "ab691970-9b72-4fd3-9a22-15ace60021ca",
    "data": [
      {
        "text": "мой имейл ",
        "userDefined": false
      },
      {
        "text": "google@mail.ru",
        "meta": "@sys.email",
        "alias": "email",
        "userDefined": true
      }
    ],
    "isTemplate": false,
    "count": 0,
    "lang": "ru",
    "updated": 0
  },
  {
    "id": "e2caf6e1-d2cb-488f-a741-47409c22935e",
    "data": [
      {
        "text": "google@mail.ru",
        "meta": "@sys.email",
        "alias": "email",
        "userDefined": true
      }
    ],
    "isTemplate": false,
    "count": 0,
    "lang": "ru",
    "updated": 0
  }
]