[
  {
    "id": "91899791-1300-4de1-8ba0-0c2971a7b594",
    "data": [
      {
        "text": "Я ",
        "userDefined": false
      },
      {
        "text": "Маша",
        "meta": "@sys.person",
        "alias": "person",
        "userDefined": false
      }
    ],
    "isTemplate": false,
    "count": 0,
    "lang": "ru",
    "updated": 0
  },
  {
    "id": "9156ad54-5f4d-4893-bda7-51c5fd7f2542",
    "data": [
      {
        "text": "Я - ",
        "userDefined": false
      },
      {
        "text": "Маша",
        "meta": "@sys.person",
        "alias": "person",
        "userDefined": false
      }
    ],
    "isTemplate": false,
    "count": 0,
    "lang": "ru",
    "updated": 0
  },
  {
    "id": "94719a80-f679-4241-aa6f-ff4c87512321",
    "data": [
      {
        "text": "Мария",
        "meta": "@sys.person",
        "alias": "person",
        "userDefined": false
      }
    ],
    "isTemplate": false,
    "count": 0,
    "lang": "ru",
    "updated": 0
  },
  {
    "id": "c420d921-be19-4720-bca3-069a8549dc9c",
    "data": [
      {
        "text": "Мое имя ",
        "userDefined": false
      },
      {
        "text": "Маша",
        "meta": "@sys.person",
        "alias": "person",
        "userDefined": false
      }
    ],
    "isTemplate": false,
    "count": 0,
    "lang": "ru",
    "updated": 0
  },
  {
    "id": "1561b729-917c-41bf-bd72-e2633f05e2c7",
    "data": [
      {
        "text": "Мария",
        "meta": "@sys.person",
        "alias": "person",
        "userDefined": false
      },
      {
        "text": " ",
        "userDefined": false
      },
      {
        "text": "Славникова",
        "meta": "@sys.last-name",
        "alias": "last-name",
        "userDefined": true
      }
    ],
    "isTemplate": false,
    "count": 0,
    "lang": "ru",
    "updated": 0
  },
  {
    "id": "21813864-7478-4196-af9b-8473229a20a5",
    "data": [
      {
        "text": "Зовите меня ",
        "userDefined": false
      },
      {
        "text": "Маша",
        "meta": "@sys.person",
        "alias": "person",
        "userDefined": false
      }
    ],
    "isTemplate": false,
    "count": 0,
    "lang": "ru",
    "updated": 0
  },
  {
    "id": "55ea1d3c-e2ad-4eea-9595-478383862251",
    "data": [
      {
        "text": "Меня зовут ",
        "userDefined": false
      },
      {
        "text": "Маша",
        "meta": "@sys.person",
        "alias": "person",
        "userDefined": false
      }
    ],
    "isTemplate": false,
    "count": 0,
    "lang": "ru",
    "updated": 0
  }
]