[
  {
    "id": "524a8d10-4bde-4ffc-b501-cc6598f2f1da",
    "data": [
      {
        "text": "Это все",
        "userDefined": false
      }
    ],
    "isTemplate": false,
    "count": 0,
    "lang": "ru",
    "updated": 0
  },
  {
    "id": "f6472439-9112-4e09-94b1-30086bdd57f3",
    "data": [
      {
        "text": "Нет, спасибо",
        "userDefined": false
      }
    ],
    "isTemplate": false,
    "count": 0,
    "lang": "ru",
    "updated": 0
  },
  {
    "id": "1d4d8af8-4451-4a5c-89eb-d45d2a4dac52",
    "data": [
      {
        "text": "\u003cfont style\u003d\"vertical-align: inherit;\"\u003e\u003cfont style\u003d\"vertical-align: inherit;\"\u003eНет\u003c/font\u003e\u003c/font\u003e",
        "userDefined": false
      }
    ],
    "isTemplate": false,
    "count": 0,
    "lang": "ru",
    "updated": 0
  }
]