[
  {
    "id": "d7ccd579-5c9f-4891-863e-81ebfee725a8",
    "data": [
      {
        "text": "Не хочу",
        "userDefined": false
      }
    ],
    "isTemplate": false,
    "count": 0,
    "lang": "ru",
    "updated": 0
  },
  {
    "id": "bc98930d-faa5-40cf-9a52-81ac21ed3c4d",
    "data": [
      {
        "text": "Спасибо, не надо",
        "userDefined": false
      }
    ],
    "isTemplate": false,
    "count": 0,
    "lang": "ru",
    "updated": 0
  },
  {
    "id": "75d75d8f-f506-4c5a-9ddd-d15ca74df9c2",
    "data": [
      {
        "text": "\u003cfont style\u003d\"vertical-align: inherit;\"\u003e\u003cfont style\u003d\"vertical-align: inherit;\"\u003eНикакие\u003c/font\u003e\u003c/font\u003e",
        "userDefined": false
      }
    ],
    "isTemplate": false,
    "count": 0,
    "lang": "ru",
    "updated": 0
  }
]