[
  {
    "id": "b66552c4-c638-40d2-8c0d-8c44b685404c",
    "data": [
      {
        "text": "Мне нужны  ",
        "userDefined": false
      },
      {
        "text": "@pencil:pencil-2",
        "meta": "@pencil",
        "alias": "pencil",
        "userDefined": true
      },
      {
        "text": " карандаш",
        "userDefined": false
      }
    ],
    "isTemplate": false,
    "count": 0,
    "lang": "ru",
    "updated": 0
  },
  {
    "id": "68ec3bbd-89c8-425f-a2fc-8fc1bdd6cd46",
    "data": [
      {
        "text": "Мне нужен  ",
        "userDefined": false
      },
      {
        "text": "@pencil:pencil-2",
        "meta": "@pencil",
        "alias": "pencil",
        "userDefined": true
      },
      {
        "text": " карандаш",
        "userDefined": false
      }
    ],
    "isTemplate": false,
    "count": 0,
    "lang": "ru",
    "updated": 0
  },
  {
    "id": "6dc2de65-3d26-4047-beac-9a88f8aafe7d",
    "data": [
      {
        "text": "Мне нужен  ",
        "userDefined": false
      },
      {
        "text": "@pencil:pencil-2",
        "meta": "@pencil",
        "alias": "pencil",
        "userDefined": true
      }
    ],
    "isTemplate": false,
    "count": 0,
    "lang": "ru",
    "updated": 0
  },
  {
    "id": "f47f4fdd-da24-4d72-99d2-eeb0ce43d0d7",
    "data": [
      {
        "text": "Я хочу ",
        "userDefined": false
      },
      {
        "text": "@pencil:pencil-2",
        "meta": "@pencil",
        "alias": "pencil",
        "userDefined": true
      },
      {
        "text": " карандаш",
        "userDefined": false
      }
    ],
    "isTemplate": false,
    "count": 0,
    "lang": "ru",
    "updated": 0
  },
  {
    "id": "f1d0083b-da2d-492e-bbf3-787f4ea6f786",
    "data": [
      {
        "text": "Я хочу ",
        "userDefined": false
      },
      {
        "text": "@pencil:pencil-2",
        "meta": "@pencil",
        "alias": "pencil",
        "userDefined": true
      },
      {
        "text": " карандаши",
        "userDefined": false
      }
    ],
    "isTemplate": false,
    "count": 0,
    "lang": "ru",
    "updated": 0
  },
  {
    "id": "79aecae2-0c63-4c52-a236-782938d00f7f",
    "data": [
      {
        "text": "Я хочу ",
        "userDefined": false
      },
      {
        "text": "@pencil:pencil-2",
        "meta": "@pencil",
        "alias": "pencil",
        "userDefined": true
      }
    ],
    "isTemplate": false,
    "count": 0,
    "lang": "ru",
    "updated": 0
  },
  {
    "id": "09244a76-b0a0-49b8-9fc8-99c51bfbda65",
    "data": [
      {
        "text": "@pencil:pencil-2",
        "meta": "@pencil",
        "alias": "pencil",
        "userDefined": true
      }
    ],
    "isTemplate": false,
    "count": 0,
    "lang": "ru",
    "updated": 0
  }
]