[
  {
    "id": "5dd6f93a-6955-4dc2-a695-3d4e6036df69",
    "data": [
      {
        "text": "if",
        "meta": "@sys.ignore",
        "userDefined": false
      }
    ],
    "isTemplate": false,
    "count": 0,
    "lang": "ru",
    "updated": 0
  },
  {
    "id": "82f9ed15-4560-454e-ada6-b58c65c07a98",
    "data": [
      {
        "text": "Ага",
        "meta": "@sys.ignore",
        "userDefined": false
      }
    ],
    "isTemplate": false,
    "count": 0,
    "lang": "ru",
    "updated": 0
  },
  {
    "id": "09e73c44-29f7-4fe6-9649-289ee1e230c3",
    "data": [
      {
        "text": "Ес",
        "meta": "@sys.ignore",
        "userDefined": false
      }
    ],
    "isTemplate": false,
    "count": 0,
    "lang": "ru",
    "updated": 0
  },
  {
    "id": "2702e562-ff1c-43df-8286-c316f16df1f2",
    "data": [
      {
        "text": "Да, пожалуйста",
        "userDefined": false
      }
    ],
    "isTemplate": false,
    "count": 0,
    "lang": "ru",
    "updated": 0
  },
  {
    "id": "c5978883-36d7-4364-9c26-a776ef0baea3",
    "data": [
      {
        "text": "Да",
        "meta": "@sys.ignore",
        "userDefined": false
      }
    ],
    "isTemplate": false,
    "count": 0,
    "lang": "ru",
    "updated": 0
  }
]