[
  {
    "value": "желтый",
    "synonyms": [
      "жолтый",
      "желтые",
      "желтых",
      "желтым",
      "жёлтый",
      "жёлтые",
      "жолтые",
      "жёлтых"
    ]
  },
  {
    "value": "красный",
    "synonyms": [
      "касный",
      "красные",
      "красных",
      "красным"
    ]
  },
  {
    "value": "синий",
    "synonyms": [
      "сний",
      "синие",
      "синих",
      "синим"
    ]
  }
]