[
  {
    "value": "графитовый",
    "synonyms": [
      "графитовые",
      "графитовых",
      "графитовым",
      "графитовыми",
      "графит"
    ]
  },
  {
    "value": "цветной",
    "synonyms": [
      "цветные",
      "цветных",
      "цветным",
      "цветными",
      "цвет"
    ]
  },
  {
    "value": "акварельный",
    "synonyms": [
      "акварельные",
      "акварельных",
      "акварельным",
      "акварельными",
      "аква"
    ]
  }
]